user_id,user_name,role_code,advisor_id
1,fa001,ADVISOR,1
2,fa002,ADVISOR,2
3,fa003,ADVISOR,3
4,fa004,ADVISOR,4
5,fa005,ADVISOR,5
6,fa006,ADVISOR,6
7,fa007,ADVISOR,7
8,fa008,ADVISOR,8
9,fa009,ADVISOR,9
10,fa010,ADVISOR,10
11,fa011,ADVISOR,11
12,fa012,ADVISOR,12
13,fa013,ADVISOR,13
14,fa014,ADVISOR,14
15,fa015,ADVISOR,15
16,fa016,ADVISOR,16
17,fa017,ADVISOR,17
18,fa018,ADVISOR,18
19,fa019,ADVISOR,19
20,fa020,ADVISOR,20
21,fa021,ADVISOR,21
22,fa022,ADVISOR,22
23,fa023,ADVISOR,23
24,fa024,ADVISOR,24
25,fa025,ADVISOR,25
