customer_id,advisor_id,customer_code,full_name,kyc_status,risk_profile,tax_residency
1,1,C00001,Sofia Khan,APPROVED,CONSERVATIVE,IN
2,2,C00002,Raj Chen,APPROVED,MODERATE,US
3,3,C00003,Raj Khan,APPROVED,AGGRESSIVE,GB
4,4,C00004,Ava Lopez,APPROVED,CONSERVATIVE,US
5,5,C00005,James Iyer,APPROVED,CONSERVATIVE,US
6,6,C00006,Maria Johnson,APPROVED,CONSERVATIVE,IN
7,7,C00007,Noah Kim,APPROVED,AGGRESSIVE,US
8,8,C00008,Wei Williams,APPROVED,MODERATE,US
9,9,C00009,Liam Khan,APPROVED,AGGRESSIVE,US
10,10,C00010,Sofia Iyer,APPROVED,CONSERVATIVE,GB
11,11,C00011,Anika Johnson,APPROVED,CONSERVATIVE,IN
12,12,C00012,Omar Khan,APPROVED,AGGRESSIVE,GB
13,13,C00013,Priya Iyer,APPROVED,MODERATE,US
14,14,C00014,Priya Patel,APPROVED,MODERATE,IN
15,15,C00015,Noah Chen,APPROVED,CONSERVATIVE,GB
16,16,C00016,Anika Williams,APPROVED,CONSERVATIVE,IN
17,17,C00017,Omar Iyer,PENDING,MODERATE,US
18,18,C00018,Noah Garcia,APPROVED,CONSERVATIVE,GB
19,19,C00019,Raj Khan,APPROVED,AGGRESSIVE,GB
20,20,C00020,Omar Lopez,APPROVED,MODERATE,US
21,21,C00021,Priya Garcia,APPROVED,AGGRESSIVE,IN
22,22,C00022,Maria Patel,APPROVED,CONSERVATIVE,US
23,23,C00023,Liam Garcia,APPROVED,AGGRESSIVE,IN
24,24,C00024,Sofia Chen,APPROVED,MODERATE,IN
25,25,C00025,Sofia Kim,APPROVED,AGGRESSIVE,US
26,1,C00026,Raj Patel,APPROVED,AGGRESSIVE,US
27,2,C00027,Liam Brown,APPROVED,MODERATE,US
28,3,C00028,Maria Khan,APPROVED,MODERATE,US
29,4,C00029,Elena Patel,APPROVED,AGGRESSIVE,US
30,5,C00030,Raj Garcia,APPROVED,AGGRESSIVE,US
31,6,C00031,Liam Khan,APPROVED,AGGRESSIVE,GB
32,7,C00032,Sofia Johnson,APPROVED,CONSERVATIVE,US
33,8,C00033,Wei Brown,APPROVED,AGGRESSIVE,US
34,9,C00034,Sofia Williams,PENDING,MODERATE,US
35,10,C00035,Maria Williams,APPROVED,MODERATE,US
36,11,C00036,James Johnson,APPROVED,AGGRESSIVE,US
37,12,C00037,Maria Nguyen,APPROVED,MODERATE,US
38,13,C00038,Raj Garcia,APPROVED,CONSERVATIVE,IN
39,14,C00039,Raj Garcia,APPROVED,MODERATE,GB
40,15,C00040,Sofia Singh,APPROVED,CONSERVATIVE,GB
41,16,C00041,Anika Nguyen,APPROVED,CONSERVATIVE,US
42,17,C00042,Omar Iyer,APPROVED,AGGRESSIVE,US
43,18,C00043,Elena Brown,APPROVED,MODERATE,US
44,19,C00044,Priya Johnson,APPROVED,CONSERVATIVE,US
45,20,C00045,James Lopez,APPROVED,AGGRESSIVE,US
46,21,C00046,Sofia Johnson,APPROVED,CONSERVATIVE,US
47,22,C00047,Anika Iyer,APPROVED,CONSERVATIVE,US
48,23,C00048,Maria Patel,APPROVED,MODERATE,US
49,24,C00049,Raj Johnson,APPROVED,MODERATE,IN
50,25,C00050,Priya Brown,APPROVED,CONSERVATIVE,GB
51,1,C00051,Sofia Kim,PENDING,CONSERVATIVE,IN
52,2,C00052,Omar Johnson,APPROVED,CONSERVATIVE,US
53,3,C00053,Liam Singh,APPROVED,MODERATE,IN
54,4,C00054,Omar Kim,APPROVED,AGGRESSIVE,US
55,5,C00055,Liam Iyer,APPROVED,AGGRESSIVE,US
56,6,C00056,James Singh,APPROVED,AGGRESSIVE,US
57,7,C00057,Maria Johnson,APPROVED,CONSERVATIVE,US
58,8,C00058,Raj Kim,APPROVED,CONSERVATIVE,IN
59,9,C00059,Wei Khan,APPROVED,MODERATE,US
60,10,C00060,Maria Kim,APPROVED,AGGRESSIVE,US
61,11,C00061,James Iyer,APPROVED,AGGRESSIVE,US
62,12,C00062,Maria Johnson,APPROVED,CONSERVATIVE,IN
63,13,C00063,Elena Kim,APPROVED,CONSERVATIVE,IN
64,14,C00064,James Garcia,APPROVED,MODERATE,US
65,15,C00065,Omar Khan,APPROVED,MODERATE,US
66,16,C00066,Omar Nguyen,APPROVED,AGGRESSIVE,GB
67,17,C00067,Liam Nguyen,APPROVED,MODERATE,US
68,18,C00068,Priya Khan,PENDING,CONSERVATIVE,US
69,19,C00069,Sofia Nguyen,APPROVED,AGGRESSIVE,US
70,20,C00070,Anika Williams,APPROVED,CONSERVATIVE,US
71,21,C00071,Sofia Kim,APPROVED,AGGRESSIVE,GB
72,22,C00072,Wei Patel,APPROVED,AGGRESSIVE,US
73,23,C00073,Wei Chen,APPROVED,AGGRESSIVE,US
74,24,C00074,Liam Johnson,APPROVED,MODERATE,US
75,25,C00075,Sofia Johnson,APPROVED,AGGRESSIVE,GB
76,1,C00076,James Lopez,APPROVED,CONSERVATIVE,IN
77,2,C00077,Liam Lopez,APPROVED,AGGRESSIVE,GB
78,3,C00078,Ava Khan,APPROVED,CONSERVATIVE,US
79,4,C00079,Priya Khan,APPROVED,MODERATE,US
80,5,C00080,Liam Iyer,APPROVED,MODERATE,IN
81,6,C00081,Ava Chen,APPROVED,CONSERVATIVE,IN
82,7,C00082,Sofia Lopez,APPROVED,CONSERVATIVE,US
83,8,C00083,Raj Johnson,APPROVED,AGGRESSIVE,US
84,9,C00084,Wei Williams,APPROVED,CONSERVATIVE,US
85,10,C00085,Ava Khan,PENDING,CONSERVATIVE,IN
86,11,C00086,Raj Nguyen,APPROVED,MODERATE,GB
87,12,C00087,Liam Brown,APPROVED,CONSERVATIVE,GB
88,13,C00088,Noah Iyer,APPROVED,CONSERVATIVE,US
89,14,C00089,Noah Chen,APPROVED,CONSERVATIVE,GB
90,15,C00090,Wei Khan,APPROVED,MODERATE,GB
91,16,C00091,Priya Nguyen,APPROVED,MODERATE,US
92,17,C00092,Liam Iyer,APPROVED,MODERATE,GB
93,18,C00093,Elena Khan,APPROVED,CONSERVATIVE,US
94,19,C00094,Liam Singh,APPROVED,MODERATE,US
95,20,C00095,James Williams,APPROVED,CONSERVATIVE,US
96,21,C00096,Wei Nguyen,APPROVED,MODERATE,GB
97,22,C00097,Anika Singh,APPROVED,AGGRESSIVE,US
98,23,C00098,Maria Chen,APPROVED,AGGRESSIVE,US
99,24,C00099,Raj Patel,APPROVED,MODERATE,GB
100,25,C00100,Raj Garcia,APPROVED,MODERATE,US
101,1,C00101,James Khan,APPROVED,MODERATE,US
102,2,C00102,Ava Johnson,PENDING,AGGRESSIVE,US
103,3,C00103,Liam Chen,APPROVED,MODERATE,GB
104,4,C00104,Omar Lopez,APPROVED,AGGRESSIVE,US
105,5,C00105,Priya Garcia,APPROVED,CONSERVATIVE,IN
106,6,C00106,James Garcia,APPROVED,AGGRESSIVE,US
107,7,C00107,Omar Iyer,APPROVED,AGGRESSIVE,US
108,8,C00108,Noah Garcia,APPROVED,AGGRESSIVE,US
109,9,C00109,Omar Patel,APPROVED,MODERATE,US
110,10,C00110,Priya Kim,APPROVED,MODERATE,US
111,11,C00111,Priya Johnson,APPROVED,CONSERVATIVE,US
112,12,C00112,Omar Williams,APPROVED,MODERATE,US
113,13,C00113,Noah Williams,APPROVED,AGGRESSIVE,GB
114,14,C00114,Omar Iyer,APPROVED,AGGRESSIVE,US
115,15,C00115,James Chen,APPROVED,MODERATE,US
116,16,C00116,Sofia Khan,APPROVED,CONSERVATIVE,US
117,17,C00117,Sofia Singh,APPROVED,MODERATE,US
118,18,C00118,Omar Lopez,APPROVED,AGGRESSIVE,US
119,19,C00119,Omar Lopez,PENDING,CONSERVATIVE,US
120,20,C00120,James Nguyen,APPROVED,MODERATE,US
